Time,Mag_1
0.0,0.0
0.0005,9.177546256839811
0.001,7.289686274214118
0.0015,-3.387379202452911
0.002,-9.980267284282716
0.0025,-4.539904997395469
0.003,6.374239897486892
0.0035,9.60293685676943
0.004,1.2533323356430568
0.0045000000000000005,-8.60742027003944
0.005,-8.090169943749476
0.0055,2.1814324139654087
0.006,9.822872507286885
0.006500000000000001,5.6208337785213125
0.007,-5.358267949789964
0.0075,-9.87688340595138
0.008,-2.4868988716485756
0.0085,7.9015501237569
0.009000000000000001,8.763066800438628
0.0095,-0.9410831331851116
0.01,-9.510565162951533
0.0105,-6.613118653236535
0.011,4.257792915650695
0.0115,9.995065603657316
0.012,3.681245526846803
0.0125,-7.071067811865474
0.013000000000000001,-9.29776485888252
0.0135,-0.3141075907813112
0.014,9.048270524660193
0.0145,7.5011106963046315
0.015,-3.0901699437494443
0.0155,-9.955619646030799
0.016,-4.817536741017203
0.0165,6.129070536529737
0.017,9.685831611286314
0.0175,1.5643446504022982
0.018000000000000002,-8.443279255020169
0.0185,-8.270805742745665
0.019,1.873813145857184
0.0195,9.759167619387465
0.02,5.877852522924746
0.0205,-5.090414157503717
0.021,-9.921147013144784
0.021500000000000002,-2.7899110603923125
0.022,7.705132427757848
0.0225,8.9100652418837
0.023,-0.6279051952930386
0.0235,-9.40880768954223
0.024,-6.845471059286923
0.0245,3.9714789063477807
0.025,10.0
0.025500000000000002,3.971478906347855
0.026000000000000002,-6.845471059286864
0.0265,-9.40880768954228
0.027,-0.6279051952931901
0.0275,8.910065241883663
0.028,7.705132427757899
0.0285,-2.789911060392303
0.029,-9.921147013144765
0.029500000000000002,-5.090414157503787
0.03,5.87785252292468
0.0305,9.759167619387483
0.031,1.8738131458572636
0.0315,-8.27080574274554
0.032,-8.443279255020212
0.0325,1.5643446504022183
0.033,9.685831611286295
0.0335,6.1290705365298015
0.034,-4.817536741017133
0.0345,-9.9556196460308
0.035,-3.090169943749454
0.035500000000000004,7.501110696304625
0.036000000000000004,9.048270524660166
0.0365,-0.3141075907810883
0.037,-9.29776485888245
0.0375,-7.071067811865581
0.038,3.6812455268466615
0.0385,9.995065603657313
0.039,4.257792915650801
0.0395,-6.613118653236475
0.04,-9.510565162951547
0.0405,-0.9410831331851567
0.041,8.76306680043864
0.0415,7.901550123756972
0.042,-2.486898871648463
0.0425,-9.876883405951366
0.043000000000000003,-5.358267949790002
0.043500000000000004,5.620833778521289
0.044,9.822872507286913
0.0445,2.181432413965539
0.045,-8.09016994374942
0.0455,-8.607420270039473
0.046,1.253332335642853
0.0465,9.602936856769384
0.047,6.374239897487009
0.0475,-4.539904997395358
0.048,-9.980267284282721
0.0485,-3.387379202452987
0.049,7.289686274214078
0.0495,9.177546256839825
0.05,9.784794780447059e-15
0.0505,-9.177546256839817
0.051000000000000004,-7.289686274214188
0.051500000000000004,3.387379202452835
0.052000000000000005,9.980267284282712
0.0525,4.539904997395629
0.053,-6.374239897486776
0.0535,-9.602936856769468
0.054,-1.2533323356431545
0.0545,8.607420270039391
0.055,8.090169943749515
0.0555,-2.181432413965243
0.056,-9.822872507286883
0.0565,-5.6208337785214235
0.057,5.358267949789985
0.0575,9.876883405951393
0.058,2.486898871648757
0.0585,-7.901550123756872
0.059000000000000004,-8.763066800438718
0.059500000000000004,0.9410831331851373
0.06,9.510565162951497
0.0605,6.613118653236702
0.061,-4.257792915650654
0.0615,-9.995065603657322
0.062,-3.681245526846812
0.0625,7.071067811865365
0.063,9.297764858882614
0.0635,0.31410759078139194
0.064,-9.048270524660097
0.0645,-7.501110696304638
0.065,3.0901699437493004
0.0655,9.955619646030799
0.066,4.817536741017274
0.0665,-6.129070536529786
0.067,-9.685831611286334
0.0675,-1.5643446504022376
0.068,8.443279255020125
0.0685,8.270805742745713
0.069,-1.8738131458572442
0.0695,-9.759167619387448
0.07,-5.877852522924696
0.07050000000000001,5.0904141575036475
0.07100000000000001,9.921147013144768
0.07150000000000001,2.7899110603923223
0.07200000000000001,-7.705132427757978
0.0725,-8.910065241883801
0.073,0.627905195292745
0.0735,9.40880768954218
0.074,6.845471059287137
0.0745,-3.9714789063476412
0.075,-10.0
0.0755,-3.9714789063479294
0.076,6.845471059286702
0.0765,9.408807689542284
0.077,0.6279051952933417
0.0775,-8.91006524188353
0.078,-7.705132427757996
0.0785,2.789911060392021
0.079,9.921147013144763
0.0795,5.0904141575039175
0.08,-5.877852522924672
0.0805,-9.759167619387515
0.081,-1.8738131458572729
0.0815,8.270805742745535
0.082,8.44327925502014
0.0825,-1.5643446504022085
0.083,-9.685831611286256
0.0835,-6.1290705365298095
0.084,4.817536741016999
0.0845,9.9556196460308
0.085,3.0901699437495984
0.0855,-7.501110696304618
0.08600000000000001,-9.048270524660232
0.08650000000000001,0.3141075907813626
0.08700000000000001,9.297764858882498
0.08750000000000001,7.071067811865587
0.088,-3.6812455268465207
0.0885,-9.995065603657302
0.089,-4.2577929156509375
0.0895,6.6131186532362545
0.09,9.510565162951593
0.0905,0.9410831331854494
0.091,-8.763066800438567
0.0915,-7.901550123757065
0.092,2.486898871648178
0.0925,9.876883405951343
0.093,5.35826794979025
0.0935,-5.620833778521163
0.094,-9.822872507286942
0.0945,-2.181432413965549
0.095,8.09016994374933
0.0955,8.607420270039478
0.096,-1.2533323356428432
0.0965,-9.602936856769341
0.097,-6.374239897487017
0.0975,4.539904997395223
0.098,9.980267284282721
0.0985,3.3873792024531295
0.099,-7.289686274214072
0.0995,-9.177546256839884
0.1,-1.9569589560894117e-14
0.1005,9.177546256839756
0.101,7.289686274214098
0.1015,-3.3873792024528253
0.10200000000000001,-9.980267284282702
0.10250000000000001,-4.539904997395511
0.10300000000000001,6.374239897486768
0.10350000000000001,9.602936856769432
0.10400000000000001,1.2533323356431643
0.1045,-8.607420270039313
0.105,-8.090169943749686
0.1055,2.181432413964956
0.106,9.822872507286828
0.1065,5.620833778521667
0.107,-5.358267949789736
0.1075,-9.876883405951439
0.108,-2.4868988716487666
0.1085,7.901550123756692
0.109,8.763066800438722
0.1095,-0.9410831331848446
0.11,-9.510565162951494
0.1105,-6.613118653236709
0.111,4.257792915650388
0.1115,9.99506560365733
0.112,3.6812455268468214
0.1125,-7.071067811865359
0.113,-9.29776485888262
0.1135,-0.3141075907816858
0.114,9.048270524660214
0.1145,7.501110696304644
0.115,-3.0901699437492907
0.1155,-9.95561964603077
0.116,-4.817536741017531
0.1165,6.129070536529778
0.117,9.685831611286336
0.11750000000000001,1.564344650402528
0.11800000000000001,-8.443279255019968
0.11850000000000001,-8.270805742745559
0.11900000000000001,1.8738131458572347
0.11950000000000001,9.759167619387446
0.12,5.877852522924934
0.1205,-5.090414157503394
0.121,-9.92114701314484
0.1215,-2.789911060392878
0.122,7.705132427757791
0.1225,8.910065241883805
0.123,-0.6279051952927353
0.1235,-9.40880768954208
0.124,-6.845471059286937
0.1245,3.9714789063476323
0.125,10.0
0.1255,3.9714789063481994
0.126,-6.845471059286488
0.1265,-9.408807689542288
0.127,-0.6279051952933514
0.1275,8.910065241883526
0.128,7.705132427758183
0.1285,-2.789911060392285
0.129,-9.921147013144761
0.1295,-5.0904141575039255
0.13,5.877852522924435
0.1305,9.75916761938758
0.131,1.8738131458572826
0.1315,-8.27080574274553
0.132,-8.443279255020299
0.1325,1.5643446504019183
0.133,9.685831611286325
0.1335,6.129070536529817
0.134,-4.8175367410169905
0.1345,-9.95561964603083
0.135,-3.0901699437493373
0.1355,7.501110696304611
0.136,9.048270524660236
0.1365,-0.3141075907810687
0.137,-9.297764858882392
0.1375,-7.071067811865394
0.138,3.6812455268467756
0.1385,9.995065603657311
0.139,4.257792915650946
0.1395,-6.613118653236673
0.14,-9.510565162951508
0.1405,-0.9410831331851763
0.14100000000000001,8.763066800438562
0.14150000000000001,7.901550123757071
0.14200000000000002,-2.486898871648719
0.14250000000000002,-9.876883405951386
0.14300000000000002,-5.358267949790019
0.14350000000000002,5.620833778521156
0.14400000000000002,9.822872507286837
0.1445,2.181432413965836
0.145,-8.090169943749157
0.1455,-8.607420270039771
0.146,1.2533323356422696
0.1465,9.602936856769338
0.147,6.374239897487244
0.1475,-4.539904997394961
0.148,-9.980267284282759
0.1485,-3.3873792024536735
0.149,7.289686274213869
0.1495,9.177546256840001
0.15,5.977885729494213e-13
0.1505,-9.177546256839527
0.151,-7.289686274214299
0.1515,3.387379202452549
0.152,9.980267284282684
0.1525,4.539904997396026
0.153,-6.37423989748676
0.1535,-9.602936856769514
0.154,-1.2533323356434558
0.1545,8.607420270039164
0.155,8.09016994374986
0.1555,-2.181432413965224
0.156,-9.822872507286826
0.1565,-5.620833778521675
0.157,5.358267949789489
0.1575,9.876883405951396
0.158,2.4868988716487763
0.1585,-7.901550123756687
0.159,-8.763066800438864
0.1595,0.941083133184552
0.16,9.51056516295149
0.1605,6.613118653236717
0.161,-4.257792915650379
0.1615,-9.99506560365733
0.162,-3.6812455268468303
0.1625,7.071067811865353
0.163,9.297764858882623
0.1635,0.3141075907816956
0.164,-9.04827052466021
0.1645,-7.50111069630465
0.165,3.0901699437492813
0.1655,9.95561964603077
0.166,4.817536741017539
0.1665,-6.12907053652977
0.167,-9.68583161128634
0.1675,-1.5643446504025378
0.168,8.443279255019963
0.1685,8.270805742745562
0.169,-1.873813145857225
0.1695,-9.759167619387444
0.17,-5.877852522924942
0.1705,5.090414157503385
0.171,9.92114701314477
0.1715,2.789911060392341
0.17200000000000001,-7.705132427757784
0.17250000000000001,-8.91006524188381
0.17300000000000001,0.6279051952932929
0.17350000000000002,9.408807689542268
0.17400000000000002,6.845471059286945
0.17450000000000002,-3.9714789063476235
0.17500000000000002,-10.0
0.17550000000000002,-3.971478906347686
0.176,6.845471059286481
0.1765,9.408807689542485
0.177,0.6279051952939285
0.1775,-8.910065241883263
0.178,-7.7051324277581905
0.1785,2.7899110603917294
0.179,9.92114701314469
0.1795,5.090414157504424
0.18,-5.877852522924427
0.1805,-9.759167619387583
0.181,-1.8738131458578504
0.1815,8.270805742745205
0.182,8.443279255020304
0.1825,-1.5643446504019085
0.183,-9.685831611286181
0.1835,-6.129070536530275
0.184,4.817536741016484
0.1845,9.95561964603083
0.185,3.090169943749887
0.1855,-7.501110696304229
0.186,-9.048270524660483
0.1865,0.314107590781059
0.187,9.297764858882388
0.1875,7.071067811865802
0.188,-3.681245526846238
0.1885,-9.995065603657293
0.189,-4.257792915650955
0.1895,6.613118653236239
0.19,9.510565162951687
0.1905,0.9410831331857519
0.191,-8.763066800438558
0.1915,-7.901550123757076
0.192,2.486898871648159
0.1925,9.876883405951295
0.193,5.358267949790507
0.1935,-5.620833778521148
0.194,-9.822872507286945
0.1945,-2.181432413965845
0.195,8.090169943749151
0.1955,8.607420270039487
0.196,-1.2533323356428239
0.1965,-9.602936856769336
0.197,-6.37423989748725
0.1975,4.539904997395459
0.198,9.980267284282723
0.1985,3.3873792024531486
0.199,-7.289686274213864
0.1995,-9.177546256840007
0.2,-3.9139179121788235e-14
0.2005,9.177546256839747
0.201,7.289686274214305
0.2015,-3.3873792024525393
0.202,-9.98026728428272
0.2025,-4.539904997395529
0.203,6.374239897486753
0.20350000000000001,9.602936856769515
0.20400000000000001,1.2533323356434656
0.20450000000000002,-8.607420270039448
0.20500000000000002,-8.090169943749531
0.20550000000000002,2.1814324139652146
0.20600000000000002,9.822872507286824
0.20650000000000002,5.620833778521213
0.20700000000000002,-5.358267949789961
0.20750000000000002,-9.876883405951396
0.20800000000000002,-2.4868988716487856
0.2085,7.901550123756332
0.209,8.76306680043887
0.2095,-0.9410831331845421
0.21,-9.510565162951313
0.2105,-6.6131186532371515
0.211,4.257792915649857
0.2115,9.99506560365733
0.212,3.6812455268473676
0.2125,-7.071067811864944
0.213,-9.297764858882836
0.2135,-0.31410759078170536
0.214,9.048270524659966
0.2145,7.501110696305034
0.215,-3.090169943748731
0.2155,-9.955619646030769
0.216,-4.817536741017548
0.2165,6.129070536529314
0.217,9.685831611286483
0.2175,1.5643446504031087
0.218,-8.443279255019958
0.2185,-8.270805742745889
0.219,1.8738131458566571
0.2195,9.759167619387316
0.22,5.87785252292495
0.2205,-5.090414157502888
0.221,-9.921147013144843
0.2215,-2.7899110603923507
0.222,7.705132427757415
0.2225,8.910065241883814
0.223,-0.6279051952921484
0.2235,-9.408807689542073
0.224,-6.845471059286952
0.2245,3.9714789063470928
0.225,10.0
0.2255,3.971478906347695
0.226,-6.845471059286473
0.2265,-9.408807689542295
0.227,-0.6279051952939383
0.2275,8.910065241883517
0.228,7.7051324277578335
0.2285,-2.78991106039172
0.229,-9.92114701314476
0.2295,-5.090414157504432
0.23,5.877852522924419
0.2305,9.75916761938746
0.231,1.8738131458578602
0.2315,-8.27080574274552
0.232,-8.443279255020613
0.2325,1.5643446504018987
0.233,9.68583161128632
0.2335,6.129070536530281
0.234,-4.817536741016974
0.23450000000000001,-9.955619646030776
0.23500000000000001,-3.0901699437498964
0.23550000000000001,7.5011106963045995
0.23600000000000002,9.048270524660486
0.23650000000000002,-0.3141075907810492
0.23700000000000002,-9.297764858882594
0.23750000000000002,-7.0710678118658095
0.23800000000000002,3.6812455268467574
0.23850000000000002,9.995065603657293
0.23900000000000002,4.257792915650964
0.23950000000000002,-6.613118653236658
0.24,-9.510565162951691
0.2405,-0.9410831331863276
0.241,8.76306680043828
0.2415,7.901550123757083
0.242,-2.486898871647599
0.2425,-9.876883405951295
0.243,-5.358267949790995
0.2435,5.6208337785206695
0.244,9.822872507286947
0.2445,2.1814324139664096
0.245,-8.090169943749146
0.2455,-8.607420270040071
0.246,1.25333233564225
0.2465,9.602936856769333
0.247,6.374239897487697
0.2475,-4.5399049973949435
0.248,-9.980267284282725
0.2485,-3.3873792024536926
0.249,7.289686274213856
0.2495,9.177546256840234
0.25,6.173581625103154e-13
0.2505,-9.177546256839745
0.251,-7.289686274214702
0.2515,3.3873792024525304
0.252,9.980267284282647
0.2525,4.539904997396044
0.253,-6.374239897486746
0.2535,-9.602936856769677
0.254,-1.2533323356434753
0.2545,8.607420270039443
0.255,8.09016994374987
0.2555,-2.181432413965205
0.256,-9.822872507286714
0.2565,-5.620833778521691
0.257,5.358267949789952
0.2575,9.876883405951487
0.258,2.486898871648795
0.2585,-7.9015501237563255
0.259,-8.763066800438873
0.2595,0.9410831331850983
0.26,9.510565162951309
0.2605,6.613118653236731
0.261,-4.257792915649848
0.2615,-9.99506560365733
0.262,-3.6812455268468485
0.2625,7.071067811864936
0.263,9.29776485888263
0.2635,0.314107590781147
0.264,-9.04827052465996
0.2645,-7.501110696304663
0.265,3.0901699437487222
0.2655,9.955619646030767
0.266,4.817536741017059
0.2665,-6.129070536529307
0.267,-9.685831611286345
0.2675,-1.5643446504031182
0.268,8.443279255019952
0.2685,8.270805742745575
0.269,-1.8738131458566474
0.2695,-9.759167619387439
0.27,-5.877852522924498
0.2705,5.0904141575033695
0.271,9.921147013144772
0.2715,2.789911060392906
0.272,-7.705132427757771
0.2725,-8.910065241883562
0.273,0.627905195292706
0.2735,9.408807689542261
0.274,6.845471059287373
0.2745,-3.9714789063476057
0.275,-10.0
0.2755,-3.971478906348226
0.276,6.845471059286881
0.2765,9.408807689542492
0.277,0.6279051952933807
0.2775,-8.91006524188377
0.278,-7.705132427758202
0.2785,2.7899110603922566
0.279,9.92114701314483
0.2795,5.09041415750395
0.28,-5.877852522924871
0.2805,-9.759167619387586
0.281,-1.8738131458573115
0.28150000000000003,8.270805742745834
0.28200000000000003,8.443279255020315
0.28250000000000003,-1.5643446504024505
0.28300000000000003,-9.685831611286176
0.28350000000000003,-6.129070536529841
0.28400000000000003,4.817536741017462
0.28450000000000003,9.955619646030831
0.28500000000000003,3.0901699437493653
0.28550000000000003,-7.501110696304969
0.28600000000000003,-9.048270524660248
0.28650000000000003,0.3141075907816076
0.28700000000000003,9.297764858882381
0.28750000000000003,7.071067811865415
0.28800000000000003,-3.6812455268472766
0.2885,-9.995065603657276
0.289,-4.257792915651487
0.2895,6.613118653235372
0.29,9.51056516295187
0.2905,0.9410831331857714
0.291,-8.763066800438
0.2915,-7.901550123757437
0.292,2.486898871647039
0.2925,9.876883405951203
0.293,5.358267949790523
0.2935,-5.620833778520192
0.294,-9.822872507287055
0.2945,-2.181432413966974
0.295,8.090169943748805
0.2955,8.607420270039787
0.296,-1.2533323356416768
0.2965,-9.602936856769173
0.297,-6.374239897488142
0.2975,4.539904997394428
0.298,9.98026728428276
0.2985,3.3873792024542366
0.299,-7.2896862742134605
0.2995,-9.177546256840014
0.3,-1.1955771458988426e-12
0.3005,9.177546256839515
0.301,7.2896862742150965
0.3015,-3.387379202451987
0.302,-9.980267284282682
0.3025,-4.539904997396559
0.303,6.3742398974863
0.3035,9.602936856769839
0.304,1.253332335644049
0.3045,-8.60742027003915
0.305,-8.09016994375021
0.3055,2.1814324139646404
0.306,9.82287250728682
0.3065,5.620833778522169
0.307,-5.3582679497894645
0.3075,-9.876883405951578
0.308,-2.486898871649355
0.3085,7.901550123756667
0.309,8.763066800439152
0.3095,-0.9410831331845226
0.31,-9.51056516295113
0.3105,-6.613118653237166
0.311,4.257792915650352
0.3115,9.99506560365735
0.312,3.681245526847386
0.3125,-7.071067811865332
0.313,-9.297764858882843
0.3135,-0.3141075907817249
0.314,9.048270524659713
0.3145,7.501110696305045
0.315,-3.0901699437492534
0.3155,-9.955619646030714
0.316,-4.817536741017566
0.3165,6.1290705365288485
0.317,9.685831611286487
0.3175,1.5643446504025666
0.318,-8.443279255019643
0.3185,-8.2708057427459
0.319,1.8738131458560794
0.3195,9.759167619387313
0.32,5.877852522924965
0.3205,-5.090414157502872
0.321,-9.921147013144845
0.3215,-2.7899110603923694
0.322,7.705132427757403
0.3225,8.910065241883823
0.323,-0.627905195292129
0.3235,-9.408807689542066
0.324,-6.845471059286966
0.3245,3.971478906347075
0.325,10.0
0.3255,3.9714789063487563
0.326,-6.845471059286458
0.3265,-9.408807689542302
0.327,-0.6279051952939578
0.3275,8.910065241883508
0.328,7.705132427757846
0.3285,-2.7899110603917014
0.329,-9.921147013144758
0.3295,-5.090414157504448
0.33,5.877852522924403
0.3305,9.759167619387464
0.331,1.8738131458578793
0.3315,-8.270805742745509
0.332,-8.443279255020624
0.3325,1.5643446504018796
0.333,9.685831611286314
0.3335,6.129070536530296
0.334,-4.817536741016956
0.3345,-9.955619646030886
0.335,-3.090169943749915
0.3355,7.501110696304586
0.336,9.048270524660495
0.3365,-0.3141075907810297
0.337,-9.297764858882585
0.3375,-7.071067811865824
0.338,3.6812455268467392
0.3385,9.995065603657293
0.339,4.257792915650982
0.3395,-6.6131186532366435
0.34,-9.510565162951696
0.3405,-0.9410831331852152
0.341,8.763066800438269
0.3415,7.901550123757094
0.342,-2.4868988716486813
0.3425,-9.876883405951292
0.343,-5.3582679497900525
0.3435,5.620833778521593
0.34400000000000003,9.82287250728695
0.34450000000000003,2.1814324139653194
0.34500000000000003,-8.090169943749133
0.34550000000000003,-8.607420270039503
0.34600000000000003,1.2533323356433588
0.34650000000000003,9.602936856769327
0.34700000000000003,6.374239897486835
0.34750000000000003,-4.539904997394927
0.34800000000000003,-9.980267284282725
0.34850000000000003,-3.387379202452641
0.34900000000000003,7.289686274213842
0.34950000000000003,9.177546256839792
0.35000000000000003,6.369277520712095e-13
0.35050000000000003,-9.177546256839737
0.35100000000000003,-7.289686274213937
0.35150000000000003,3.3873792024525122
0.352,9.980267284282645
0.3525,4.539904997397074
0.353,-6.374239897485854
0.3535,-9.602936856769682
0.354,-1.2533323356446227
0.3545,8.607420270038853
0.355,8.090169943750551
0.3555,-2.1814324139640764
0.356,-9.822872507286712
0.3565,-5.6208337785226465
0.357,5.358267949788976
0.3575,9.87688340595149
0.358,2.486898871649915
0.3585,-7.901550123756314
0.359,-8.76306680043943
0.3595,0.941083133183947
0.36,9.510565162951304
0.3605,6.613118653237599
0.361,-4.25779291564983
0.3615,-9.995065603657368
0.362,-3.681245526847924
0.3625,7.071067811864923
0.363,9.297764858883056
0.3635,0.3141075907823029
0.364,-9.048270524659952
0.3645,-7.501110696305428
0.365,3.0901699437487036
0.3655,9.955619646030659
0.366,4.817536741018072
0.3665,-6.129070536529291
0.367,-9.685831611286632
0.3675,-1.5643446504031377
0.368,8.443279255019332
0.3685,8.270805742746225
0.369,-1.8738131458566283
0.3695,-9.759167619387187
0.37,-5.877852522925434
0.3705,5.090414157502373
0.371,9.921147013144918
0.3715,2.7899110603929245
0.372,-7.705132427757034
0.3725,-8.910065241884087
0.373,0.6279051952926864
0.3735,9.40880768954187
0.374,6.845471059287388
0.3745,-3.9714789063465443
0.375,-10.0
0.3755,-3.9714789063482443
0.376,6.845471059286037
0.3765,9.408807689542497
0.377,0.6279051952945348
0.3775,-8.910065241883245
0.378,-7.7051324277582145
0.3785,2.789911060391146
0.379,9.921147013144685
0.3795,5.090414157503967
0.38,-5.877852522923935
0.3805,-9.759167619387592
0.381,-1.8738131458584475
0.3815,8.270805742745184
0.382,8.443279255020325
0.3825,-1.5643446504013083
0.383,-9.68583161128617
0.3835,-6.1290705365307545
0.384,4.81753674101645
0.3845,9.955619646030833
0.385,3.090169943750465
0.3855,-7.501110696304204
0.386,-9.04827052466074
0.3865,0.3141075907804517
0.387,9.297764858882374
0.3875,7.071067811866232
0.388,-3.681245526846202
0.3885,-9.995065603657311
0.389,-4.257792915651505
0.3895,6.61311865323621
0.39,9.510565162951876
0.3905,0.9410831331857907
0.391,-8.763066800438539
0.3915,-7.901550123757449
0.392,2.4868988716481213
0.3925,9.876883405951201
0.393,5.358267949790539
0.3935,-5.620833778521115
0.394,-9.822872507287059
0.3945,-2.181432413965884
0.395,8.090169943749462
0.3955,8.607420270039798
0.396,-1.253332335642785
0.3965,-9.602936856769166
0.397,-6.374239897487282
0.3975,4.539904997395424
0.398,9.980267284282762
0.3985,3.387379202453185
0.399,-7.289686274213447
0.3995,-9.17754625684002
0.4,-7.827835824357647e-14
0.4005,9.177546256839507
0.401,7.289686274214332
0.4015,-3.387379202451968
0.402,-9.98026728428268
0.4025,-4.539904997395563
0.403,6.374239897486285
0.4035,9.602936856769528
0.404,1.2533323356429404
0.4045,-8.607420270039139
0.405,-8.090169943749554
0.4055,2.1814324139646213
0.406,9.822872507286815
0.40650000000000003,5.620833778521245
0.40700000000000003,-5.3582679497894485
0.40750000000000003,-9.876883405951403
0.40800000000000003,-2.486898871649374
0.40850000000000003,7.901550123756657
0.40900000000000003,8.763066800438613
0.40950000000000003,-0.9410831331845032
0.41000000000000003,-9.510565162951476
0.41050000000000003,-6.613118653236327
0.41100000000000003,4.2577929156503345
0.41150000000000003,9.995065603657315
0.41200000000000003,3.6812455268474045
0.41250000000000003,-7.071067811865317
0.41300000000000003,-9.29776485888243
0.41350000000000003,-0.3141075907817445
0.41400000000000003,9.04827052466019
0.41450000000000004,7.501110696305059
0.41500000000000004,-3.0901699437492347
0.41550000000000004,-9.955619646030819
0.41600000000000004,-4.817536741017583
0.4165,6.129070536528833
0.417,9.685831611286774
0.4175,1.5643446504037086
0.418,-8.443279255019633
0.4185,-8.27080574274655
0.419,1.8738131458560603
0.4195,9.75916761938706
0.42,5.8778525229259015
0.4205,-5.090414157502854
0.421,-9.92114701314499
0.4215,-2.7899110603934796
0.422,7.7051324277566655
0.4225,8.910065241884348
0.423,-0.6279051952921094
0.4235,-9.408807689541675
0.424,-6.845471059287808
0.4245,3.971478906347057
0.425,10.0
0.4255,3.971478906348775
0.426,-6.845471059285616
0.4265,-9.408807689542693
0.427,-0.6279051952939774
0.4275,8.910065241882982
0.428,7.705132427758583
0.4285,-2.789911060390591
0.429,-9.921147013144612
0.4295,-5.0904141575044655
0.43,5.877852522923468
0.4305,9.759167619387716
0.431,1.8738131458578988
0.4315,-8.270805742744859
0.432,-8.443279255020634
0.4325,1.5643446504007372
0.433,9.685831611286028
0.4335,6.129070536530312
0.434,-4.817536741015942
0.4345,-9.955619646030888
0.435,-3.090169943751015
0.4355,7.5011106963038205
0.436,9.048270524660502
0.4365,-0.31410759077987377
0.437,-9.29776485888216
0.4375,-7.071067811866642
0.438,3.681245526845664
0.4385,9.995065603657292
0.439,4.257792915652028
0.4395,-6.613118653235777
0.44,-9.510565162951703
0.4405,-0.9410831331863665
0.441,8.763066800437713
0.4415,7.901550123757106
0.442,-2.4868988716475613
0.4425,-9.87688340595111
0.443,-5.358267949790068
0.4435,5.6208337785206375
0.444,9.822872507287167
0.4445,2.1814324139653385
0.445,-8.090169943749123
0.4455,-8.607420270040091
0.446,1.2533323356410837
0.4465,9.602936856769322
0.447,6.374239897487727
0.4475,-4.539904997393896
0.448,-9.980267284282727
0.4485,-3.387379202453729
0.449,7.289686274213051
0.4495,9.177546256839799
0.45,6.564973416321036e-13
0.4505,-9.177546256839278
0.451,-7.28968627421395
0.4515,3.387379202452494
0.452,9.980267284282645
0.4525,4.539904997397092
0.453,-6.374239897486715
0.4535,-9.602936856769688
0.454,-1.2533323356446417
0.4545,8.607420270039423
0.455,8.090169943749894
0.4555,-2.181432413964057
0.456,-9.822872507286922
0.4565,-5.620833778521723
0.457,5.35826794978896
0.4575,9.876883405951315
0.458,2.486898871648833
0.4585,-7.9015501237563015
0.459,-8.763066800439441
0.4595,0.9410831331850593
0.46,9.510565162951297
0.4605,6.613118653237614
0.461,-4.257792915650841
0.4615,-9.995065603657334
0.462,-3.681245526847942
0.4625,7.071067811865712
0.463,9.297764858882644
0.4635,0.3141075907823224
0.464,-9.04827052465946
0.4645,-7.501110696304689
0.465,3.090169943748685
0.4655,9.955619646030657
0.466,4.8175367410170935
0.4665,-6.129070536529275
0.467,-9.685831611286636
0.4675,-1.5643446504020342
0.468,8.443279255019931
0.4685,8.270805742746235
0.46900000000000003,-1.8738131458577256
0.46950000000000003,-9.75916761938743
0.47000000000000003,-5.8778525229254495
0.47050000000000003,5.090414157502357
0.47100000000000003,9.921147013144777
0.47150000000000003,2.789911060392943
0.47200000000000003,-7.705132427757022
0.47250000000000003,-8.91006524188358
0.47300000000000003,0.6279051952926669
0.47350000000000003,9.408807689541863
0.47400000000000003,6.845471059286573
0.47450000000000003,-3.9714789063475697
0.47500000000000003,-10.0
0.47550000000000003,-3.9714789063472185
0.47600000000000003,6.845471059286852
0.47650000000000003,9.408807689542504
0.47700000000000004,0.6279051952945545
0.47750000000000004,-8.910065241883752
0.47800000000000004,-7.705132427758228
0.47850000000000004,2.789911060391127
0.47900000000000004,9.921147013144825
0.47950000000000004,5.090414157503984
0.48,-5.87785252292392
0.4805,-9.759167619387842
0.481,-1.8738131458595833
0.4815,8.270805742745171
0.482,8.443279255020945
0.4825,-1.5643446504001663
0.483,-9.685831611286167
0.4835,-6.12907053653077
0.484,4.817536741015436
0.4845,9.95561964603105
0.485,3.0901699437504835
0.4855,-7.501110696303439
0.486,-9.048270524661232
0.4865,0.31410759078043216
0.487,9.297764858881948
0.4875,7.07106781186705
0.488,-3.6812455268461837
0.4885,-9.995065603657274
0.489,-4.257792915652551
0.4895,6.613118653236195
0.49,9.510565162951881
0.4905,0.941083133186942
0.491,-8.763066800437434
0.4915,-7.901550123757461
0.492,2.4868988716470013
0.4925,9.87688340595102
0.493,5.358267949790556
0.4935,-5.620833778520159
0.494,-9.822872507287276
0.4945,-2.181432413965903
0.495,8.090169943748784
0.4955,8.607420270040386
0.496,-1.2533323356427655
0.4965,-9.60293685676916
0.497,-6.374239897488172
0.4975,4.53990499739338
0.498,9.980267284282764
0.4985,3.387379202454273
0.499,-7.289686274212656
0.4995,-9.17754625684003
0.5,-1.2347163250206308e-12
0.5005000000000001,9.177546256839952
0.501,7.289686274214345
0.5015000000000001,-3.3873792024519496
0.502,-9.980267284282608
0.5025000000000001,-4.539904997395581
0.503,6.3742398974862695
0.5035000000000001,9.602936856769215
0.504,1.2533323356452155
0.5045000000000001,-8.607420270039128
0.505,-8.090169943750233
0.5055000000000001,2.181432413965712
0.506,9.822872507286814
0.5065000000000001,5.620833778520321
0.507,-5.3582679497884715
0.5075000000000001,-9.876883405951407
0.508,-2.4868988716493927
0.5085000000000001,7.901550123757341
0.509,8.763066800438624
0.5095000000000001,-0.9410831331844837
0.51,-9.510565162951119
0.5105000000000001,-6.6131186532363415
0.511,4.257792915650317
0.5115000000000001,9.995065603657281
0.512,3.6812455268484796
0.5125,-7.071067811863696
0.513,-9.297764858882857
0.5135,-0.3141075907829004
0.514,9.04827052466018
0.5145,7.501110696306576
0.515,-3.090169943748135
0.5155,-9.955619646030602
0.516,-4.8175367410176
0.5165,6.129070536528818
0.517,9.68583161128678
0.5175,1.5643446504048508
0.518,-8.443279255019622
0.5185,-8.27080574274656
0.519,1.8738131458571576
0.5195,9.759167619386808
0.52,5.877852522925917
0.5205,-5.0904141575018595
0.521,-9.92114701314485
0.5215,-2.7899110603934982
0.522,7.705132427756654
0.5225,8.910065241884874
0.523,-0.6279051952920899
0.5235,-9.408807689541668
0.524,-6.845471059286995
0.5245,3.9714789063449523
0.525,10.0
0.5255,3.9714789063498355
0.526,-6.84547105928643
0.5265,-9.4088076895427
0.527,-0.6279051952928623
0.5275,8.910065241882458
0.528,7.7051324277585955
0.5285,-2.7899110603905717
0.529,-9.921147013144752
0.5295,-5.090414157504482
0.53,5.877852522923451
0.5305,9.75916761938797
0.531,1.873813145857918
0.5315,-8.270805742744846
0.532,-8.443279255020036
0.5325,1.564344650399595
0.533,9.685831611286023
0.5335,6.129070536531226
0.534,-4.817536741016922
0.5345,-9.95561964603089
0.535,-3.0901699437510333
0.5355,7.501110696303056
0.536,9.048270524660511
0.5365,-0.3141075907798542
0.537,-9.297764858882571
0.5375,-7.071067811867459
0.538,3.681245526845646
0.5385,9.995065603657256
0.539,4.2577929156510175
0.5395,-6.613118653235761
0.54,-9.510565162951357
0.5405,-0.9410831331875178
0.541,8.763066800438251
0.5415,7.901550123757816
0.542,-2.4868988716486435
0.5425,-9.87688340595093
0.543,-5.358267949791045
0.5435,5.62083377851968
0.544,9.822872507286958
0.5445,2.181432413966467
0.545,-8.090169943749778
0.5455,-8.60742027004068
0.546,1.2533323356421922
0.5465,9.602936856769
0.547,6.3742398974868655
0.5475,-4.539904997394891
0.548,-9.9802672842828
0.5485,-3.387379202454817
0.549,7.289686274213816
0.5495,9.177546256840257
0.55,-4.608014460231625e-13
0.5505,-9.177546256838818
0.551,-7.289686274214741
0.5515,3.3873792024514056
0.552,9.980267284282714
0.5525,4.539904997396096
0.553,-6.374239897485824
0.5535,-9.602936856770011
0.554,-1.2533323356435335
0.5545,8.607420270038833
0.555,8.090169943749236
0.5555,-2.1814324139629284
0.556,-9.822872507286704
0.5565,-5.620833778522679
0.557,5.358267949789903
0.5575,9.876883405951496
0.558,2.486898871647751
0.5585,-7.901550123755593
0.559,-8.763066800438903
0.5595,0.941083133183908
0.56,9.510565162951641
0.5605,6.613118653236776
0.561,-4.2577929156497945
0.5615,-9.99506560365737
0.562,-3.681245526846903
0.5625,7.071067811864895
0.5630000000000001,9.297764858882232
0.5635,0.31410759078347833
0.5640000000000001,-9.048270524659936
0.5645,-7.501110696305454
0.5650000000000001,3.0901699437497476
0.5655,9.955619646030762
0.5660000000000001,4.817536741018106
0.5665,-6.129070536528362
0.5670000000000001,-9.685831611286359
0.5675,-1.5643446504031764
0.5680000000000001,8.44327925502053
0.5685,8.270805742746886
0.5690000000000001,-1.8738131458565896
0.5695,-9.759167619387178
0.5700000000000001,-5.877852522924546
0.5705,5.090414157503318
0.5710000000000001,9.921147013144637
0.5715,2.7899110603940542
0.5720000000000001,-7.705132427757734
0.5725,-8.910065241884105
0.5730000000000001,0.6279051952937821
0.5735,9.408807689541472
0.5740000000000001,6.845471059287416
0.5745,-3.9714789063465084
0.5750000000000001,-10.0
0.5755,-3.97147890634828
0.5760000000000001,6.845471059287666
0.5765,9.408807689542895
0.577,0.6279051952957087
0.5775,-8.910065241883228
0.578,-7.705132427758965
0.5785,2.7899110603922
0.579,9.921147013144395
0.5795,5.09041415750498
0.58,-5.877852522922984
0.5805,-9.759167619387599
0.581,-1.873813145858486
0.5815,8.270805742744523
0.582,8.443279255021563
0.5825,-1.56434465040127
0.583,-9.685831611285879
0.5835,-6.129070536529887
0.584,4.817536741014423
0.5845,9.955619646030945
0.585,3.0901699437515835
0.5855,-7.501110696304178
0.586,-9.048270524660758
0.5865,0.31410759077927625
0.587,9.297764858881521
0.5875,7.07106781186626
0.588,-3.6812455268451085
0.5885,-9.99506560365731
0.589,-4.257792915653598
0.5895,6.613118653235328
0.59,9.51056516295224
0.5905,0.9410831331858298
0.591,-8.763066800437972
0.5915,-7.901550123756777
0.592,2.486898871645881
0.5925,9.876883405951194
0.593,5.358267949791533
0.5935,-5.6208337785210825
0.594,-9.822872507287492
0.5945,-2.1814324139670314
0.595,8.090169943748101
0.5955,8.607420270039817
0.596,-1.2533323356416184
0.5965,-9.602936856769473
0.597,-6.374239897489064
0.5975,4.539904997394376
0.598,9.980267284282835
0.5985,3.387379202453222
0.599,-7.2896862742134205
0.5995,-9.177546256840488
0.6,-2.391154291797685e-12
0.6005,9.177546256839491
0.601,7.289686274215138
0.6015,-3.3873792024530007
0.602,-9.980267284282537
0.6025,-4.5399049973966115
0.603,6.374239897485379
0.6035,9.602936856769539
0.604,1.2533323356441073
0.6045,-8.607420270038538
0.605,-8.090169943750913
0.6055,2.181432413964583
0.606,9.822872507286597
0.6065,5.620833778521277
0.607,-5.358267949787495
0.6075,-9.876883405951588
0.608,-2.486898871650513
0.6085,7.901550123756632
0.609,8.76306680043918
0.6095,-0.941083133185596
0.61,-9.510565162950762
0.6105,-6.61311865323721
0.611,4.25779291564927
0.6115,9.995065603657316
0.612,3.681245526847441
0.6125,-7.071067811864486
0.613,-9.297764858883282
0.6135,-0.31410759078178363
0.614,9.048270524659689
0.6145,7.501110696304333
0.615,-3.0901699437470356
0.6155,-9.955619646030708
0.616,-4.817536741018613
0.6165,6.129070536529701
0.617,9.685831611286503
0.6175,1.5643446504037475
0.618,-8.443279255019002
0.6185,-8.270805742745932
0.619,1.8738131458560217
0.6195,9.759167619387547
0.62,5.877852522926853
0.6205,-5.090414157502821
0.621,-9.921147013144994
0.6215,-2.7899110603924253
0.622,7.705132427757365
0.6225,8.910065241883334
0.623,-0.6279051952909358
0.6235,-9.408807689542046
0.624,-6.845471059287838
0.6245,3.9714789063480644
0.625,10.0
0.6255000000000001,3.9714789063488105
0.626,-6.845471059285587
0.6265000000000001,-9.408807689542321
0.627,-0.6279051952940163
0.6275000000000001,8.910065241883999
0.628,7.705132427759333
0.6285000000000001,-2.789911060391645
0.629,-9.921147013144608
0.6295000000000001,-5.09041415750352
0.63,5.877852522924356
0.6305000000000001,9.759167619387725
0.631,1.8738131458590537
0.6315000000000001,-8.270805742745475
0.632,-8.443279255020656
0.6325000000000001,1.5643446504029443
0.633,9.685831611285735
0.6335000000000001,6.129070536530343
0.634,-4.817536741015908
0.6345000000000001,-9.955619646030785
0.635,-3.090169943749971
0.6355000000000001,7.5011106963052985
0.636,9.048270524661003
0.6365000000000001,-0.31410759078097095
0.637,-9.297764858882147
0.6375000000000001,-7.071067811865062
0.638,3.6812455268445703
0.6385000000000001,9.99506560365729
0.639,4.257792915652064
0.6395000000000001,-6.613118653236599
0.64,-9.510565162951716
0.6405,-0.9410831331886691
0.641,8.763066800437693
0.6415,7.901550123758524
0.642,-2.486898871647523
0.6425,-9.876883405951105
0.643,-5.3582679497901005
0.6435,5.620833778518724
0.644,9.822872507287174
0.6445,2.1814324139675954
0.645,-8.0901699437491
0.6455,-8.607420270040112
0.646,1.2533323356410446
0.6465,9.602936856768677
0.647,6.374239897487756
0.6475,-4.539904997393861
0.648,-9.980267284282728
0.6485,-3.387379202455905
0.649,7.289686274213024
0.6495,9.177546256840717
0.65,6.956365207538918e-13
0.6505,-9.177546256839262
0.651,-7.2896862742155335
0.6515,3.3873792024503175
0.652,9.980267284282643
0.6525,4.539904997397127
0.653,-6.374239897486684
0.6535,-9.602936856770334
0.654,-1.2533323356446808
0.6545,8.607420270038245
0.655,8.090169943749917
0.6555,-2.181432413964019
0.656,-9.822872507286913
0.6565,-5.620833778523636
0.657,5.358267949788926
0.6575,9.876883405951677
0.658,2.486898871648871
0.6585,-7.901550123754884
0.659,-8.763066800439459
0.6595,0.9410831331827567
0.66,9.510565162951286
0.6605,6.613118653237643
0.661,-4.257792915650805
0.6615,-9.995065603657405
0.662,-3.6812455268479782
0.6625,7.071067811864077
0.663,9.297764858882658
0.6635,0.3141075907823615
0.664,-9.048270524659443
0.6645,-7.501110696306219
0.665,3.0901699437486476
0.6655,9.955619646030653
0.666,4.817536741017127
0.6665,-6.129070536527448
0.667,-9.685831611286646
0.6675,-1.5643446504043186
0.668,8.44327925501991
0.6685,8.270805742746258
0.669,-1.8738131458554539
0.6695,-9.759167619386925
0.67,-5.8778525229254805
0.6705,5.090414157502323
0.671,9.921147013144783
0.6715,2.7899110603951645
0.672,-7.705132427756997
0.6725,-8.910065241884627
0.673,0.6279051952926279
0.6735,9.40880768954185
0.674,6.845471059286602
0.6745,-3.971478906345447
0.675,-10.0
0.6755,-3.971478906349341
0.676,6.845471059286822
0.6765,9.408807689542517
0.677,0.6279051952945935
0.6775,-8.910065241882702
0.678,-7.705132427758253
0.6785,2.78991106039109
0.679,9.92114701314482
0.6795,5.090414157505975
0.68,-5.877852522923888
0.6805,-9.759167619387853
0.681,-1.8738131458573883
0.6815,8.27080574274515
0.682,8.443279255020965
0.6825,-1.5643446504001277
0.683,-9.685831611286156
0.6835,-6.129070536530801
0.684,4.817536741017394
0.6845,9.955619646031053
0.685,3.090169943750521
0.6855,-7.501110696303412
0.686,-9.048270524660282
0.6865,0.314107590780393
0.687,9.29776485888277
0.6875,7.071067811867078
0.6880000000000001,-3.681245526846147
0.6885,-9.995065603657272
0.6890000000000001,-4.25779291565053
0.6895,6.61311865323446
0.6900000000000001,9.510565162951893
0.6905,0.9410831331869811
0.6910000000000001,-8.76306680043851
0.6915,-7.901550123757485
0.6920000000000001,2.4868988716491653
0.6925,9.876883405951013
0.6930000000000001,5.358267949790589
0.6935,-5.620833778520127
0.6940000000000001,-9.822872507286856
0.6945,-2.181432413965941
0.6950000000000001,8.090169943748759
0.6955,8.607420270040405
0.6960000000000001,-1.2533323356427268
0.6965,-9.60293685676915
0.6970000000000001,-6.37423989748645
0.6975,4.539904997393346
0.6980000000000001,9.980267284282766
0.6985,3.38737920245431
0.6990000000000001,-7.289686274214184
0.6995,-9.177546256840044
0.7000000000000001,-1.273855504142419e-12
0.7005,9.177546256839031
0.7010000000000001,7.2896862742143735
0.7015,-3.3873792024519127
0.7020000000000001,-9.98026728428275
0.7025,-4.539904997397642
0.7030000000000001,6.374239897486239
0.7035,9.60293685676986
0.704,1.2533323356452544
0.7045,-8.607420270039109
0.705,-8.090169943751594
0.7055,2.1814324139634547
0.706,9.82287250728638
0.7065,5.620833778522234
0.707,-5.358267949788438
0.7075,-9.876883405951412
0.708,-2.486898871651633
0.7085,7.901550123755924
0.709,8.763066800439738
0.7095,-0.9410831331844447
0.71,-9.510565162950403
0.7105,-6.613118653238077
0.711,4.257792915648224
0.7115,9.995065603657352
0.712,3.6812455268485156
0.7125,-7.071067811865276
0.713,-9.297764858883708
0.7135,-0.3141075907829394
0.714,9.048270524659197
0.7145,7.501110696305098
0.715,-3.090169943748098
0.7155,-9.955619646030598
0.716,-4.817536741019627
0.7165,6.129070536528786
0.717,9.68583161128679
0.7175,1.564344650402644
0.718,-8.443279255018382
0.7185,-8.270805742746582
0.719,1.8738131458548857
0.7195,9.759167619387295
0.72,5.8778525229259495
0.7205,-5.090414157501826
0.721,-9.92114701314514
0.7215,-2.7899110603935364
0.722,7.705132427756628
0.7225,8.910065241883858
0.723,-0.6279051952897816
0.7235,-9.408807689541653
0.724,-6.8454710592886805
0.7245,3.971478906347003
0.725,10.0
0.7255,3.971478906347785
0.726,-6.845471059284744
0.7265,-9.408807689542712
0.727,-0.6279051952951706
0.7275,8.910065241883473
0.728,7.70513242775862
0.7285,-2.7899110603905344
0.729,-9.921147013144463
0.7295,-5.090414157504516
0.73,5.87785252292342
0.7305,9.759167619387481
0.731,1.8738131458601899
0.7315,-8.270805742744825
0.732,-8.443279255021276
0.7325,1.5643446504018022
0.733,9.685831611286012
0.7335,6.129070536531257
0.734,-4.817536741014895
0.7345,-9.955619646030893
0.735,-3.0901699437510706
0.7355,7.501110696304534
0.736,9.048270524661495
0.7365,-0.3141075907798151
0.737,-9.29776485888172
0.7375,-7.071067811865879
0.738,3.6812455268456095
0.7385,9.995065603657325
0.739,4.25779291565311
0.7395,-6.613118653235732
0.74,-9.510565162952073
0.7405,-0.9410831331852931
0.741,8.763066800437137
0.7415,7.901550123757839
0.742,-2.486898871646403
0.7425,-9.87688340595128
0.743,-5.3582679497910775
0.7435,5.620833778521529
0.744,9.822872507287391
0.7445,2.1814324139665056
0.745,-8.09016994374842
0.7455,-8.607420270039542
0.746,1.2533323356421533
0.7465,9.602936856768988
0.747,6.374239897488648
0.7475,-4.539904997394856
0.748,-9.980267284282803
0.7485,-3.387379202452715
0.749,7.289686274212233
0.7495,9.177546256840273
0.75,1.8520744875309465e-12
0.7505000000000001,-9.177546256839706
0.751,-7.289686274214768
0.7515000000000001,3.3873792024513687
0.752,9.980267284282569
0.7525000000000001,4.539904997396131
0.753,-6.3742398974857934
0.7535000000000001,-9.602936856769388
0.754,-1.2533323356458281
0.7545000000000001,8.607420270038816
0.755,8.090169943750597
0.7555000000000001,-2.1814324139651093
0.756,-9.822872507286696
0.7565000000000001,-5.620833778520832
0.757,5.35826794978795
0.7575000000000001,9.876883405951503
0.758,2.486898871649991
0.7585000000000001,-7.901550123756962
0.759,-8.76306680043892
0.7595000000000001,0.9410831331838689
0.76,9.510565162950929
0.7605000000000001,6.613118653236805
0.761,-4.257792915649759
0.7615000000000001,-9.995065603657299
0.762,-3.6812455268490534
0.7625000000000001,7.071067811864867
0.763,9.297764858883085
0.7635000000000001,0.3141075907812447
0.764,-9.048270524659918
0.7645000000000001,-7.50111069630548
0.765,3.0901699437475476
0.7655000000000001,9.955619646030758
0.766,4.817536741018141
0.7665000000000001,-6.129070536530127
0.767,-9.685831611286934
0.7675000000000001,-1.564344650403215
0.768,8.44327925501929
0.7685,8.270805742746907
0.769,-1.8738131458565512
0.7695,-9.759167619386673
0.77,-5.877852522926417
0.7705,5.0904141575013275
0.771,9.921147013144926
0.7715,2.7899110603940915
0.772,-7.70513242775626
0.7725,-8.910065241885153
0.773,0.6279051952914737
0.7735,9.408807689541458
0.774,6.845471059287444
0.7745,-3.9714789063443856
0.775,-10.0
0.7755,-3.9714789063504026
0.776,6.84547105928598
0.7765,9.408807689542908
0.777,0.6279051952934784
0.7775,-8.910065241882176
0.778,-7.70513242775899
0.7785,2.7899110603899793
0.779,9.921147013144676
0.7795,5.0904141575050135
0.78,-5.877852522922953
0.7805,-9.759167619388103
0.781,-1.8738131458585245
0.7815,8.2708057427445
0.782,8.443279255020368
0.7825,-1.5643446503989853
0.783,-9.685831611285868
0.7835,-6.129070536531715
0.784,4.81753674101638
0.7845,9.955619646030948
0.785,3.0901699437516204
0.7855,-7.501110696302648
0.786,-9.048270524660774
0.7865,0.3141075907792371
0.787,9.297764858882346
0.7875,7.071067811867895
0.788,-3.6812455268450717
0.7885,-9.995065603657237
0.789,-4.257792915651576
0.7895,6.613118653235298
0.79,9.510565162951549
0.7905,0.9410831331881324
0.791,-8.763066800437953
0.7915,-7.901550123758193
0.792,2.4868988716480454
0.7925,9.876883405950833
0.793,5.358267949791565
0.7935,-5.62083377851917
0.794,-9.822872507287073
0.7945,-2.1814324139670696
0.795,8.090169943749416
0.7955,8.607420270040993
0.796,-1.2533323356415795
0.7965,-9.602936856768828
0.797,-6.3742398974873415
0.7975,4.539904997394341
0.798,9.980267284282839
0.7985,3.387379202455398
0.799,-7.289686274213393
0.7995,-9.177546256840504
0.8,-1.5655671648715294e-13
0.8005,9.177546256838573
0.801,7.289686274215165
0.8015,-3.3873792024508247
0.802,-9.980267284282675
0.8025,-4.539904997396646
0.803,6.3742398974853485
0.8035,9.602936856770183
0.804,1.253332335644146
0.8045,-8.60742027003852
0.805,-8.0901699437496
0.8055,2.181432413962326
0.806,9.822872507286588
0.8065,5.62083377852319
0.807,-5.358267949789381
0.8075,-9.876883405951594
0.808,-2.4868988716483487
0.8085,7.901550123755214
0.809,8.7630668004392
0.8095,-0.9410831331832934
0.81,-9.510565162951451
0.8105,-6.613118653237239
0.811,4.257792915649236
0.8115,9.99506560365739
0.812,3.681245526847477
0.8125,-7.0710678118644585
0.8130000000000001,-9.29776485888246
0.8135,-0.31410759078409534
0.8140000000000001,9.048270524659673
0.8145,7.5011106963058625
0.8150000000000001,-3.09016994374916
0.8155,-9.955619646030705
0.8160000000000001,-4.817536741018648
0.8165,6.129070536527873
0.8170000000000001,9.685831611286511
0.8175,1.5643446504037861
0.8180000000000001,-8.4432792550202
0.8185,-8.270805742747232
0.8190000000000001,1.8738131458559835
0.8195,9.759167619387043
0.8200000000000001,5.877852522925045
0.8205,-5.090414157502787
0.8210000000000001,-9.921147013144715
0.8215,-2.789911060394647
0.8220000000000001,7.7051324277573405
0.8225,8.910065241884384
0.8230000000000001,-0.6279051952931659
0.8235,-9.408807689541263
0.8240000000000001,-6.845471059287867
0.8245,3.9714789063459417
0.8250000000000001,10.0
0.8255,3.9714789063488465
0.8260000000000001,-6.845471059287216
0.8265,-9.408807689543105
0.8270000000000001,-0.6279051952940555
0.8275,8.910065241882947
0.8280000000000001,7.705132427757909
0.8285,-2.7899110603916073
0.8290000000000001,-9.921147013144601
0.8295,-5.090414157505512
0.8300000000000001,5.877852522924324
0.8305,9.759167619387734
0.8310000000000001,1.8738131458568588
0.8315,-8.270805742744175
0.8320000000000001,-8.443279255020677
0.8325,1.56434465040066
0.833,9.685831611285725
0.8335,6.129070536530374
0.834,-4.817536741013882
0.8345,-9.955619646031002
0.835,-3.0901699437521706
0.8355,7.50111069630377
0.836,9.048270524661019
0.8365,-0.3141075907786592
0.837,-9.297764858881294
0.8375,-7.071067811866697
0.838,3.6812455268445343
0.8385,9.99506560365729
0.839,4.257792915654156
0.8395,-6.613118653234865
0.84,-9.51056516295243
0.8405,-0.9410831331864444
0.841,8.763066800437674
0.8415,7.901550123757154
0.842,-2.486898871645283
0.8425,-9.876883405951098
0.843,-5.358267949792054
0.8435,5.620833778520572
0.844,9.822872507287608
0.8445,2.181432413967634
0.845,-8.090169943747739
0.8455,-8.607420270040132
0.846,1.253332335641006
0.8465,9.6029368567693
0.847,6.374239897489539
0.8475,-4.539904997393826
0.848,-9.980267284282874
0.8485,-3.387379202453803
0.849,7.289686274212998
0.8495,9.177546256840733
0.85,3.008512454308001e-12
0.8505,-9.177546256839246
0.851,-7.28968627421556
0.8515,3.3873792024524203
0.852,9.980267284282498
0.8525,4.539904997397161
0.853,-6.374239897484903
0.8535,-9.60293685676971
0.854,-1.2533323356447195
0.8545,8.607420270038226
0.855,8.090169943751276
0.8555,-2.1814324139639805
0.856,-9.822872507286482
0.8565,-5.620833778521788
0.857,5.358267949786973
0.8575,9.876883405951684
0.858,2.486898871651111
0.8585,-7.9015501237562535
0.859,-8.763066800439478
0.8595,0.9410831331849814
0.86,9.51056516295057
0.8605,6.613118653237673
0.861,-4.257792915648712
0.8615,-9.995065603657336
0.862,-3.6812455268480146
0.8625,7.071067811864049
0.863,9.29776485888351
0.8635,0.31410759078240064
0.864,-9.048270524659426
0.8645,-7.501110696304742
0.865,3.090169943746448
0.8655,9.95561964603065
0.866,4.817536741019154
0.8665,-6.129070536529213
0.867,-9.685831611286655
0.8675,-1.564344650404357
0.868,8.443279255018671
0.8685,8.27080574274628
0.869,-1.8738131458554153
0.8695,-9.759167619387414
0.87,-5.877852522927353
0.8705,5.090414157502289
0.871,9.921147013145072
0.8715,2.789911060393018
0.872,-7.705132427756972
0.8725,-8.910065241883615
0.873,0.6279051952903196
0.8735,9.408807689541836
0.874,6.845471059288287
0.8745,-3.971478906347498
0.875,-10.0
0.8755000000000001,-3.971478906349377
0.876,6.8454710592851375
0.8765000000000001,9.40880768954253
0.877,0.6279051952946325
0.8775000000000001,-8.910065241883716
0.878,-7.705132427759727
0.8785000000000001,2.789911060391052
0.879,9.92114701314453
0.8795000000000001,5.090414157504052
0.88,-5.877852522923856
0.8805000000000001,-9.75916761938786
0.881,-1.87381314585966
0.8815000000000001,8.270805742745129
0.882,8.443279255022205
0.8825000000000001,-1.5643446504000889
0.883,-9.685831611286147
0.8835000000000001,-6.129070536529034
0.884,4.817536741015368
0.8845000000000001,9.955619646030842
0.885,3.0901699437527204
0.8855000000000001,-7.501110696303387
0.886,-9.048270524660298
0.8865000000000001,0.3141075907826265
0.887,9.29776485888192
0.8875000000000001,7.071067811865498
0.888,-3.6812455268439965
0.8885000000000001,-9.995065603657272
0.889,-4.257792915650565
0.8895000000000001,6.613118653234431
0.89,9.510565162951906
0.8905000000000001,0.9410831331847564
0.891,-8.763066800437397
0.8915000000000001,-7.901550123757509
0.892,2.486898871644723
0.8925000000000001,9.876883405951007
0.893,5.358267949790623
0.8935000000000001,-5.620833778521974
0.894,-9.82287250728729
0.8945000000000001,-2.181432413965979
0.895,8.0901699437474
0.8955000000000001,8.607420270040425
0.896,-1.2533323356426882
0.8965,-9.602936856768505
0.897,-6.374239897488232
0.8975,4.539904997391285
0.898,9.980267284282911
0.8985,3.3873792024543468
0.899,-7.289686274214158
0.8995,-9.177546256840962
0.9,-1.3129946832642071e-12
0.9005,9.177546256838113
0.901,7.289686274215956
0.9015,-3.3873792024518763
0.902,-9.980267284282746
0.9025,-4.539904997397676
0.903,6.374239897486209
0.9035,9.602936856770507
0.904,1.2533323356452932
0.9045,-8.60742027003909
0.905,-8.090169943751617
0.9055,2.1814324139634165
0.906,9.822872507286798
0.9065,5.620833778524147
0.907,-5.358267949788406
0.9075,-9.87688340595213
0.908,-2.486898871651671
0.9085,7.901550123755899
0.909,8.763066800438661
0.9095,-0.9410831331821421
0.91,-9.510565162951094
0.9105,-6.6131186532398125
0.911,4.2577929156481895
0.9115,9.995065603657354
0.912,3.681245526846438
0.9125,-7.0710678118636405
0.913,-9.297764858882886
0.9135,-0.3141075907852512
0.914,9.04827052465918
0.9145,7.5011106963051235
0.915,-3.090169943750223
0.9155,-9.955619646030595
0.916,-4.817536741017668
0.9165,6.129070536526959
0.917,9.6858316112868
0.9175,1.564344650407174
0.918,-8.44327925501836
0.9185,-8.270805742746605
0.919,1.8738131458570808
0.9195,9.759167619386792
0.92,5.877852522925981
0.9205,-5.0904141574998345
0.921,-9.921147013145145
0.9215,-2.7899110603935737
0.922,7.705132427758052
0.9225,8.91006524188491
0.923,-0.6279051952920117
0.9235,-9.408807689540872
0.924,-6.845471059288709
0.9245,3.9714789063469667
0.925,10.0
0.9255,3.971478906349908
0.926,-6.845471059286373
0.9265,-9.408807689543497
0.927,-0.6279051952952096
0.9275,8.910065241883455
0.928,7.705132427760095
0.9285,-2.789911060390497
0.929,-9.921147013144743
0.9295,-5.0904141575065065
0.93,5.877852522923388
0.9305,9.759167619388482
0.931,1.8738131458602283
0.9315,-8.270805742744804
0.932,-8.443279255020078
0.9325,1.564344650399518
0.933,9.685831611286003
0.9335,6.129070536533084
0.934,-4.817536741014861
0.9345,-9.955619646030897
0.935,-3.0901699437489456
0.9355,7.501110696303005
0.936,9.048270524660545
0.9365,-0.3141075907775034
0.937,-9.297764858881706
0.9375,-7.071067811865906
0.9380000000000001,3.6812455268476874
0.9385,9.995065603657252
0.9390000000000001,4.257792915651088
0.9395,-6.613118653233997
0.9400000000000001,-9.510565162952085
0.9405,-0.9410831331853321
0.9410000000000001,8.763066800437118
0.9415,7.901550123757863
0.9420000000000001,-2.4868988716485676
0.9425,-9.876883405950917
0.9430000000000001,-5.35826794979111
0.9435,5.620833778517735
0.9440000000000001,9.8228725072874
0.9445,2.1814324139665433
0.9450000000000001,-8.090169943749734
0.9455,-8.60742027004072
0.9460000000000001,1.2533323356421144
0.9465,9.602936856768343
0.9470000000000001,6.374239897488678
0.9475,-4.539904997394821
0.9480000000000001,-9.980267284282661
0.9485,-3.387379202454891
0.9490000000000001,7.2896862742137625
0.9495,9.177546256841193
0.9500000000000001,1.8912136666527347e-12
0.9505,-9.17754625683969
0.9510000000000001,-7.2896862742132384
0.9515,3.3873792024513323
0.9520000000000001,9.98026728428271
0.9525,4.539904997398192
0.9530000000000001,-6.374239897485764
0.9535,-9.602936856769398
0.9540000000000001,-1.253332335645867
0.9545,8.607420270038794
0.9550000000000001,8.090169943749284
0.9555,-2.181432413962852
0.9560000000000001,-9.82287250728669
0.9565,-5.620833778524625
0.9570000000000001,5.358267949787917
0.9575,9.876883405951508
0.9580000000000001,2.4868988716478264
0.9585,-7.901550123755545
0.9590000000000001,-8.76306680043894
0.9595,0.9410831331815663
0.96,9.510565162950916
0.9605,6.6131186532368345
0.961,-4.2577929156476655
0.9615,-9.995065603657372
0.962,-3.681245526851204
0.9625,7.071067811863232
0.963,9.297764858883099
0.9635,0.3141075907812839
0.964,-9.048270524658934
0.9645,-7.501110696305505
0.965,3.0901699437453485
0.9655,9.955619646030542
0.966,4.817536741018175
0.9665,-6.1290705365300955
0.967,-9.685831611286943
0.9675,-1.5643446504032537
0.968,8.443279255018052
0.9685,8.27080574274693
0.969,-1.873813145852046
0.9695,-9.759167619386664
0.97,-5.877852522926449
0.9705,5.090414157503251
0.971,9.921147013145218
0.9715,2.789911060394129
0.972,-7.705132427754785
0.9725,-8.910065241885171
0.973,0.6279051952914347
0.9735,9.408807689542215
0.974,6.84547105928913
0.9745,-3.9714789063464364
0.975,-10.0
0.9755,-3.9714789063504385
0.976,6.845471059285951
0.9765,9.408807689542153
0.977,0.6279051952957868
0.9775,-8.910065241883192
0.978,-7.705132427760464
0.9785,2.789911060389941
0.979,9.92114701314467
0.9795,5.090414157507004
0.98,-5.877852522922921
0.9805,-9.759167619387616
0.981,-1.8738131458607963
0.9815,8.270805742744479
0.982,8.443279255022825
0.9825,-1.5643446503989467
0.983,-9.68583161128586
0.9835,-6.129070536529948
0.984,4.8175367410143535
0.9845,9.95561964603095
0.985,3.0901699437538204
0.9855,-7.5011106963026215
0.986,-9.04827052466079
0.9865,0.3141075907814706
0.987,9.297764858881493
0.9875,7.071067811866315
0.988,-3.681245526842921
0.9885,-9.995065603657235
0.989,-4.257792915651612
0.9895,6.613118653236975
0.99,9.510565162952263
0.9905,0.9410831331859077
0.991,-8.763066800436839
0.9915,-7.901550123758217
0.992,2.4868988716480076
0.9925,9.876883405950828
0.993,5.358267949791599
0.9935,-5.6208337785210185
0.994,-9.822872507287506
0.9945,-2.1814324139671077
0.995,8.09016994374672
0.9955,8.607420270041015
0.996,-1.2533323356415407
0.9965,-9.60293685676945
0.997,-6.374239897489123
0.9975,4.539904997394306
0.998,9.980267284282982
0.9985,3.387379202455435
0.999,-7.289686274213366
0.9995,-9.177546256839616
